Year,GMSL_Variation_mm,StdDev_mm,Total_Observations,Annual_Rate_mm
2019,0.0,0.38999999999999996,12,3.323784722222222
2020,3.888541666666667,0.38999999999999996,12,3.888541666666667
2021,7.827083333333333,0.38999999999999996,12,3.9385416666666666
2022,11.815624999999999,0.38999999999999996,12,3.9885416666666655
2023,15.854166666666666,0.38999999999999996,12,4.038541666666667
2024,19.942708333333332,0.38999999999999996,12,4.088541666666666
