Year,GMSL_Variation_mm,Annual_Rate_mm,StdDev_mm,Total_Observations
2019,0.0,4.42295045045045,5.0,259
2020,10.841505791505792,10.841505791505792,5.0,259
2021,21.73534904250985,10.893843251004057,5.0,398
2022,26.603399059436796,4.868050016926947,5.0,477
2023,19.940984555984556,-6.66241450345224,5.0,518
2024,26.537702702702703,6.596718146718146,5.0,518
